compressive_strength,cement,blast_furnace_slag,water,super_plasticisers,coarse_aggregate,fine_aggregate,age,combined_aggregate
79.99,540.0,0.0,162.0,2.5,1040.0,676.0,28,1716.0
61.89,540.0,0.0,162.0,2.5,1055.0,676.0,28,1731.0
40.27,332.5,142.5,228.0,0.0,932.0,594.0,270,1526.0
41.05,332.5,142.5,228.0,0.0,932.0,594.0,365,1526.0
44.3,198.6,132.4,192.0,0.0,978.4,825.5,360,1803.9
47.03,266.0,114.0,228.0,0.0,932.0,670.0,90,1602.0
43.7,380.0,95.0,228.0,0.0,932.0,594.0,365,1526.0
36.45,380.0,95.0,228.0,0.0,932.0,594.0,28,1526.0
45.85,266.0,114.0,228.0,0.0,932.0,670.0,28,1602.0
39.29,475.0,0.0,228.0,0.0,932.0,594.0,28,1526.0
38.07,198.6,132.4,192.0,0.0,978.4,825.5,90,1803.9
28.02,198.6,132.4,192.0,0.0,978.4,825.5,28,1803.9
43.01,427.5,47.5,228.0,0.0,932.0,594.0,270,1526.0
42.33,190.0,190.0,228.0,0.0,932.0,670.0,90,1602.0
47.81,304.0,76.0,228.0,0.0,932.0,670.0,28,1602.0
52.91,380.0,0.0,228.0,0.0,932.0,670.0,90,1602.0
39.36,139.6,209.4,192.0,0.0,1047.0,806.9,90,1853.9
56.14,342.0,38.0,228.0,0.0,932.0,670.0,365,1602.0
40.56,380.0,95.0,228.0,0.0,932.0,594.0,90,1526.0
42.62,475.0,0.0,228.0,0.0,932.0,594.0,180,1526.0
41.84,427.5,47.5,228.0,0.0,932.0,594.0,180,1526.0
28.24,139.6,209.4,192.0,0.0,1047.0,806.9,28,1853.9
8.06,139.6,209.4,192.0,0.0,1047.0,806.9,3,1853.9
44.21,139.6,209.4,192.0,0.0,1047.0,806.9,180,1853.9
52.52,380.0,0.0,228.0,0.0,932.0,670.0,365,1602.0
53.3,380.0,0.0,228.0,0.0,932.0,670.0,270,1602.0
41.15,380.0,95.0,228.0,0.0,932.0,594.0,270,1526.0
52.12,342.0,38.0,228.0,0.0,932.0,670.0,180,1602.0
37.43,427.5,47.5,228.0,0.0,932.0,594.0,28,1526.0
38.6,475.0,0.0,228.0,0.0,932.0,594.0,7,1526.0
55.26,304.0,76.0,228.0,0.0,932.0,670.0,365,1602.0
52.91,266.0,114.0,228.0,0.0,932.0,670.0,365,1602.0
41.72,198.6,132.4,192.0,0.0,978.4,825.5,180,1803.9
42.13,475.0,0.0,228.0,0.0,932.0,594.0,270,1526.0
53.69,190.0,190.0,228.0,0.0,932.0,670.0,365,1602.0
38.41,237.5,237.5,228.0,0.0,932.0,594.0,270,1526.0
30.08,237.5,237.5,228.0,0.0,932.0,594.0,28,1526.0
37.72,332.5,142.5,228.0,0.0,932.0,594.0,90,1526.0
42.23,475.0,0.0,228.0,0.0,932.0,594.0,90,1526.0
36.25,237.5,237.5,228.0,0.0,932.0,594.0,180,1526.0
50.46,342.0,38.0,228.0,0.0,932.0,670.0,90,1602.0
43.7,427.5,47.5,228.0,0.0,932.0,594.0,365,1526.0
39.0,237.5,237.5,228.0,0.0,932.0,594.0,365,1526.0
53.1,380.0,0.0,228.0,0.0,932.0,670.0,180,1602.0
41.54,427.5,47.5,228.0,0.0,932.0,594.0,90,1526.0
35.08,427.5,47.5,228.0,0.0,932.0,594.0,7,1526.0
15.05,349.0,0.0,192.0,0.0,1047.0,806.9,3,1853.9
40.76,380.0,95.0,228.0,0.0,932.0,594.0,180,1526.0
26.26,237.5,237.5,228.0,0.0,932.0,594.0,7,1526.0
32.82,380.0,95.0,228.0,0.0,932.0,594.0,7,1526.0
39.78,332.5,142.5,228.0,0.0,932.0,594.0,180,1526.0
46.93,190.0,190.0,228.0,0.0,932.0,670.0,180,1602.0
33.12,237.5,237.5,228.0,0.0,932.0,594.0,90,1526.0
49.19,304.0,76.0,228.0,0.0,932.0,670.0,90,1602.0
14.59,139.6,209.4,192.0,0.0,1047.0,806.9,7,1853.9
14.64,198.6,132.4,192.0,0.0,978.4,825.5,7,1803.9
41.93,475.0,0.0,228.0,0.0,932.0,594.0,365,1526.0
9.13,198.6,132.4,192.0,0.0,978.4,825.5,3,1803.9
50.95,304.0,76.0,228.0,0.0,932.0,670.0,180,1602.0
33.02,332.5,142.5,228.0,0.0,932.0,594.0,28,1526.0
54.38,304.0,76.0,228.0,0.0,932.0,670.0,270,1602.0
51.73,266.0,114.0,228.0,0.0,932.0,670.0,270,1602.0
9.87,310.0,0.0,192.0,0.0,971.0,850.6,3,1821.6
50.66,190.0,190.0,228.0,0.0,932.0,670.0,270,1602.0
48.7,266.0,114.0,228.0,0.0,932.0,670.0,180,1602.0
55.06,342.0,38.0,228.0,0.0,932.0,670.0,270,1602.0
44.7,139.6,209.4,192.0,0.0,1047.0,806.9,360,1853.9
30.28,332.5,142.5,228.0,0.0,932.0,594.0,7,1526.0
40.86,190.0,190.0,228.0,0.0,932.0,670.0,28,1602.0
71.99,485.0,0.0,146.0,0.0,1120.0,800.0,28,1920.0
34.4,374.0,189.2,170.1,10.1,926.1,756.7,3,1682.8000000000002
28.8,313.3,262.2,175.5,8.6,1046.9,611.8,3,1658.7
33.4,425.0,106.3,153.5,16.5,852.1,887.1,3,1739.2
36.3,425.0,106.3,151.4,18.6,936.0,803.7,3,1739.7
29.0,375.0,93.8,126.6,23.4,852.1,992.6,3,1844.7
37.8,475.0,118.8,181.1,8.9,852.1,781.5,3,1633.6
40.2,469.0,117.2,137.8,32.2,852.1,840.5,3,1692.6
33.4,425.0,106.3,153.5,16.5,852.1,887.1,3,1739.2
28.1,388.6,97.1,157.9,12.1,852.1,925.7,3,1777.8000000000002
41.3,531.3,0.0,141.8,28.2,852.1,893.7,3,1745.8000000000002
33.4,425.0,106.3,153.5,16.5,852.1,887.1,3,1739.2
25.2,318.8,212.5,155.7,14.3,852.1,880.4,3,1732.5
41.1,401.8,94.7,147.4,11.4,946.8,852.1,3,1798.9
35.3,362.6,189.0,164.9,11.6,944.7,755.8,3,1700.5
28.3,323.7,282.8,183.8,10.3,942.7,659.9,3,1602.6
28.6,379.5,151.2,153.9,15.9,1134.3,605.0,3,1739.3
35.3,362.6,189.0,164.9,11.6,944.7,755.8,3,1700.5
24.4,286.3,200.9,144.7,11.2,1004.6,803.7,3,1808.3000000000002
35.3,362.6,189.0,164.9,11.6,944.7,755.8,3,1700.5
39.3,439.0,177.0,186.0,11.1,884.9,707.9,3,1592.8
40.6,389.9,189.0,145.9,22.0,944.7,755.8,3,1700.5
35.3,362.6,189.0,164.9,11.6,944.7,755.8,3,1700.5
24.1,337.9,189.0,174.9,9.5,944.7,755.8,3,1700.5
46.2,374.0,189.2,170.1,10.1,926.1,756.7,7,1682.8000000000002
42.8,313.3,262.2,175.5,8.6,1046.9,611.8,7,1658.7
49.2,425.0,106.3,153.5,16.5,852.1,887.1,7,1739.2
46.8,425.0,106.3,151.4,18.6,936.0,803.7,7,1739.7
45.7,375.0,93.8,126.6,23.4,852.1,992.6,7,1844.7
55.6,475.0,118.8,181.1,8.9,852.1,781.5,7,1633.6
54.9,469.0,117.2,137.8,32.2,852.1,840.5,7,1692.6
49.2,425.0,106.3,153.5,16.5,852.1,887.1,7,1739.2
34.9,388.6,97.1,157.9,12.1,852.1,925.7,7,1777.8000000000002
46.9,531.3,0.0,141.8,28.2,852.1,893.7,7,1745.8000000000002
49.2,425.0,106.3,153.5,16.5,852.1,887.1,7,1739.2
33.4,318.8,212.5,155.7,14.3,852.1,880.4,7,1732.5
54.1,401.8,94.7,147.4,11.4,946.8,852.1,7,1798.9
55.9,362.6,189.0,164.9,11.6,944.7,755.8,7,1700.5
49.8,323.7,282.8,183.8,10.3,942.7,659.9,7,1602.6
47.1,379.5,151.2,153.9,15.9,1134.3,605.0,7,1739.3
55.9,362.6,189.0,164.9,11.6,944.7,755.8,7,1700.5
38.0,286.3,200.9,144.7,11.2,1004.6,803.7,7,1808.3000000000002
55.9,362.6,189.0,164.9,11.6,944.7,755.8,7,1700.5
56.1,439.0,177.0,186.0,11.1,884.9,707.9,7,1592.8
59.09,389.9,189.0,145.9,22.0,944.7,755.8,7,1700.5
22.9,362.6,189.0,164.9,11.6,944.7,755.8,7,1700.5
35.1,337.9,189.0,174.9,9.5,944.7,755.8,7,1700.5
61.09,374.0,189.2,170.1,10.1,926.1,756.7,28,1682.8000000000002
59.8,313.3,262.2,175.5,8.6,1046.9,611.8,28,1658.7
60.29,425.0,106.3,153.5,16.5,852.1,887.1,28,1739.2
61.8,425.0,106.3,151.4,18.6,936.0,803.7,28,1739.7
56.7,375.0,93.8,126.6,23.4,852.1,992.6,28,1844.7
68.3,475.0,118.8,181.1,8.9,852.1,781.5,28,1633.6
66.9,469.0,117.2,137.8,32.2,852.1,840.5,28,1692.6
60.29,425.0,106.3,153.5,16.5,852.1,887.1,28,1739.2
50.7,388.6,97.1,157.9,12.1,852.1,925.7,28,1777.8000000000002
56.4,531.3,0.0,141.8,28.2,852.1,893.7,28,1745.8000000000002
60.29,425.0,106.3,153.5,16.5,852.1,887.1,28,1739.2
55.5,318.8,212.5,155.7,14.3,852.1,880.4,28,1732.5
68.5,401.8,94.7,147.4,11.4,946.8,852.1,28,1798.9
71.3,362.6,189.0,164.9,11.6,944.7,755.8,28,1700.5
74.7,323.7,282.8,183.8,10.3,942.7,659.9,28,1602.6
52.2,379.5,151.2,153.9,15.9,1134.3,605.0,28,1739.3
71.3,362.6,189.0,164.9,11.6,944.7,755.8,28,1700.5
67.7,286.3,200.9,144.7,11.2,1004.6,803.7,28,1808.3000000000002
71.3,362.6,189.0,164.9,11.6,944.7,755.8,28,1700.5
66.0,439.0,177.0,186.0,11.1,884.9,707.9,28,1592.8
74.5,389.9,189.0,145.9,22.0,944.7,755.8,28,1700.5
71.3,362.6,189.0,164.9,11.6,944.7,755.8,28,1700.5
49.9,337.9,189.0,174.9,9.5,944.7,755.8,28,1700.5
63.4,374.0,189.2,170.1,10.1,926.1,756.7,56,1682.8000000000002
64.9,313.3,262.2,175.5,8.6,1046.9,611.8,56,1658.7
64.3,425.0,106.3,153.5,16.5,852.1,887.1,56,1739.2
64.9,425.0,106.3,151.4,18.6,936.0,803.7,56,1739.7
60.2,375.0,93.8,126.6,23.4,852.1,992.6,56,1844.7
72.3,475.0,118.8,181.1,8.9,852.1,781.5,56,1633.6
69.3,469.0,117.2,137.8,32.2,852.1,840.5,56,1692.6
64.3,425.0,106.3,153.5,16.5,852.1,887.1,56,1739.2
55.2,388.6,97.1,157.9,12.1,852.1,925.7,56,1777.8000000000002
58.8,531.3,0.0,141.8,28.2,852.1,893.7,56,1745.8000000000002
64.3,425.0,106.3,153.5,16.5,852.1,887.1,56,1739.2
66.1,318.8,212.5,155.7,14.3,852.1,880.4,56,1732.5
73.7,401.8,94.7,147.4,11.4,946.8,852.1,56,1798.9
77.3,362.6,189.0,164.9,11.6,944.7,755.8,56,1700.5
80.2,323.7,282.8,183.8,10.3,942.7,659.9,56,1602.6
54.9,379.5,151.2,153.9,15.9,1134.3,605.0,56,1739.3
77.3,362.6,189.0,164.9,11.6,944.7,755.8,56,1700.5
72.99,286.3,200.9,144.7,11.2,1004.6,803.7,56,1808.3000000000002
77.3,362.6,189.0,164.9,11.6,944.7,755.8,56,1700.5
71.7,439.0,177.0,186.0,11.1,884.9,707.9,56,1592.8
79.4,389.9,189.0,145.9,22.0,944.7,755.8,56,1700.5
77.3,362.6,189.0,164.9,11.6,944.7,755.8,56,1700.5
59.89,337.9,189.0,174.9,9.5,944.7,755.8,56,1700.5
64.9,374.0,189.2,170.1,10.1,926.1,756.7,91,1682.8000000000002
66.6,313.3,262.2,175.5,8.6,1046.9,611.8,91,1658.7
65.2,425.0,106.3,153.5,16.5,852.1,887.1,91,1739.2
66.7,425.0,106.3,151.4,18.6,936.0,803.7,91,1739.7
62.5,375.0,93.8,126.6,23.4,852.1,992.6,91,1844.7
74.19,475.0,118.8,181.1,8.9,852.1,781.5,91,1633.6
70.7,469.0,117.2,137.8,32.2,852.1,840.5,91,1692.6
65.2,425.0,106.3,153.5,16.5,852.1,887.1,91,1739.2
57.6,388.6,97.1,157.9,12.1,852.1,925.7,91,1777.8000000000002
59.2,531.3,0.0,141.8,28.2,852.1,893.7,91,1745.8000000000002
65.2,425.0,106.3,153.5,16.5,852.1,887.1,91,1739.2
68.1,318.8,212.5,155.7,14.3,852.1,880.4,91,1732.5
75.5,401.8,94.7,147.4,11.4,946.8,852.1,91,1798.9
79.3,362.6,189.0,164.9,11.6,944.7,755.8,91,1700.5
56.5,379.5,151.2,153.9,15.9,1134.3,605.0,91,1739.3
79.3,362.6,189.0,164.9,11.6,944.7,755.8,91,1700.5
76.8,286.3,200.9,144.7,11.2,1004.6,803.7,91,1808.3000000000002
79.3,362.6,189.0,164.9,11.6,944.7,755.8,91,1700.5
73.3,439.0,177.0,186.0,11.1,884.9,707.9,91,1592.8
82.6,389.9,189.0,145.9,22.0,944.7,755.8,91,1700.5
79.3,362.6,189.0,164.9,11.6,944.7,755.8,91,1700.5
67.8,337.9,189.0,174.9,9.5,944.7,755.8,91,1700.5
11.58,222.4,0.0,189.3,4.5,967.1,870.3,3,1837.4
24.45,222.4,0.0,189.3,4.5,967.1,870.3,14,1837.4
24.89,222.4,0.0,189.3,4.5,967.1,870.3,28,1837.4
29.45,222.4,0.0,189.3,4.5,967.1,870.3,56,1837.4
40.71,222.4,0.0,189.3,4.5,967.1,870.3,100,1837.4
10.38,233.8,0.0,197.9,4.6,947.0,852.2,3,1799.2
22.14,233.8,0.0,197.9,4.6,947.0,852.2,14,1799.2
22.84,233.8,0.0,197.9,4.6,947.0,852.2,28,1799.2
27.66,233.8,0.0,197.9,4.6,947.0,852.2,56,1799.2
34.56,233.8,0.0,197.9,4.6,947.0,852.2,100,1799.2
12.45,194.7,0.0,165.6,7.5,1006.4,905.9,3,1912.3
24.99,194.7,0.0,165.6,7.5,1006.4,905.9,14,1912.3
25.72,194.7,0.0,165.6,7.5,1006.4,905.9,28,1912.3
33.96,194.7,0.0,165.6,7.5,1006.4,905.9,56,1912.3
37.34,194.7,0.0,165.6,7.5,1006.4,905.9,100,1912.3
15.04,190.7,0.0,162.1,7.8,1090.0,804.0,3,1894.0
21.06,190.7,0.0,162.1,7.8,1090.0,804.0,14,1894.0
26.4,190.7,0.0,162.1,7.8,1090.0,804.0,28,1894.0
35.34,190.7,0.0,162.1,7.8,1090.0,804.0,56,1894.0
40.57,190.7,0.0,162.1,7.8,1090.0,804.0,100,1894.0
12.47,212.1,0.0,180.3,5.7,1057.6,779.3,3,1836.8999999999999
20.92,212.1,0.0,180.3,5.7,1057.6,779.3,14,1836.8999999999999
24.9,212.1,0.0,180.3,5.7,1057.6,779.3,28,1836.8999999999999
34.2,212.1,0.0,180.3,5.7,1057.6,779.3,56,1836.8999999999999
39.61,212.1,0.0,180.3,5.7,1057.6,779.3,100,1836.8999999999999
10.03,230.0,0.0,195.5,4.6,1029.4,758.6,3,1788.0
20.08,230.0,0.0,195.5,4.6,1029.4,758.6,14,1788.0
24.48,230.0,0.0,195.5,4.6,1029.4,758.6,28,1788.0
31.54,230.0,0.0,195.5,4.6,1029.4,758.6,56,1788.0
35.34,230.0,0.0,195.5,4.6,1029.4,758.6,100,1788.0
9.45,190.3,0.0,161.9,9.9,1088.1,802.6,3,1890.6999999999998
22.72,190.3,0.0,161.9,9.9,1088.1,802.6,14,1890.6999999999998
28.47,190.3,0.0,161.9,9.9,1088.1,802.6,28,1890.6999999999998
38.56,190.3,0.0,161.9,9.9,1088.1,802.6,56,1890.6999999999998
40.39,190.3,0.0,161.9,9.9,1088.1,802.6,100,1890.6999999999998
10.76,166.1,0.0,176.5,4.5,1058.6,780.1,3,1838.6999999999998
25.48,166.1,0.0,176.5,4.5,1058.6,780.1,14,1838.6999999999998
21.54,166.1,0.0,176.5,4.5,1058.6,780.1,28,1838.6999999999998
28.63,166.1,0.0,176.5,4.5,1058.6,780.1,56,1838.6999999999998
33.54,166.1,0.0,176.5,4.5,1058.6,780.1,100,1838.6999999999998
7.75,168.0,42.1,121.8,5.7,1058.7,780.1,3,1838.8000000000002
17.82,168.0,42.1,121.8,5.7,1058.7,780.1,14,1838.8000000000002
24.24,168.0,42.1,121.8,5.7,1058.7,780.1,28,1838.8000000000002
32.85,168.0,42.1,121.8,5.7,1058.7,780.1,56,1838.8000000000002
39.23,168.0,42.1,121.8,5.7,1058.7,780.1,100,1838.8000000000002
18.0,213.7,98.1,181.7,6.9,1065.8,785.4,3,1851.1999999999998
30.39,213.7,98.1,181.7,6.9,1065.8,785.4,14,1851.1999999999998
45.71,213.7,98.1,181.7,6.9,1065.8,785.4,28,1851.1999999999998
50.77,213.7,98.1,181.7,6.9,1065.8,785.4,56,1851.1999999999998
53.9,213.7,98.1,181.7,6.9,1065.8,785.4,100,1851.1999999999998
13.18,213.8,98.1,181.7,6.7,1066.0,785.5,3,1851.5
17.84,213.8,98.1,181.7,6.7,1066.0,785.5,14,1851.5
40.23,213.8,98.1,181.7,6.7,1066.0,785.5,28,1851.5
47.13,213.8,98.1,181.7,6.7,1066.0,785.5,56,1851.5
49.97,213.8,98.1,181.7,6.7,1066.0,785.5,100,1851.5
13.36,229.7,0.0,195.2,6.1,1028.1,757.6,3,1785.6999999999998
22.32,229.7,0.0,195.2,6.1,1028.1,757.6,14,1785.6999999999998
24.54,229.7,0.0,195.2,6.1,1028.1,757.6,28,1785.6999999999998
31.35,229.7,0.0,195.2,6.1,1028.1,757.6,56,1785.6999999999998
40.86,229.7,0.0,195.2,6.1,1028.1,757.6,100,1785.6999999999998
19.93,238.1,0.0,186.7,7.0,949.9,847.0,3,1796.9
25.69,238.1,0.0,186.7,7.0,949.9,847.0,14,1796.9
30.23,238.1,0.0,186.7,7.0,949.9,847.0,28,1796.9
39.59,238.1,0.0,186.7,7.0,949.9,847.0,56,1796.9
44.3,238.1,0.0,186.7,7.0,949.9,847.0,100,1796.9
13.82,250.0,0.0,187.4,5.5,956.9,861.2,3,1818.1
24.92,250.0,0.0,187.4,5.5,956.9,861.2,14,1818.1
29.22,250.0,0.0,187.4,5.5,956.9,861.2,28,1818.1
38.33,250.0,0.0,187.4,5.5,956.9,861.2,56,1818.1
42.35,250.0,0.0,187.4,5.5,956.9,861.2,100,1818.1
13.54,212.5,0.0,159.3,8.7,1007.8,903.6,3,1911.4
26.31,212.5,0.0,159.3,8.7,1007.8,903.6,14,1911.4
31.64,212.5,0.0,159.3,8.7,1007.8,903.6,28,1911.4
42.55,212.5,0.0,159.3,8.7,1007.8,903.6,56,1911.4
42.92,212.5,0.0,159.3,8.7,1007.8,903.6,100,1911.4
13.33,212.6,0.0,159.4,10.4,1003.8,903.8,3,1907.6
25.37,212.6,0.0,159.4,10.4,1003.8,903.8,14,1907.6
37.4,212.6,0.0,159.4,10.4,1003.8,903.8,28,1907.6
44.4,212.6,0.0,159.4,10.4,1003.8,903.8,56,1907.6
47.74,212.6,0.0,159.4,10.4,1003.8,903.8,100,1907.6
19.52,212.0,0.0,159.0,7.8,1085.4,799.5,3,1884.9
31.35,212.0,0.0,159.0,7.8,1085.4,799.5,14,1884.9
38.5,212.0,0.0,159.0,7.8,1085.4,799.5,28,1884.9
45.08,212.0,0.0,159.0,7.8,1085.4,799.5,56,1884.9
47.82,212.0,0.0,159.0,7.8,1085.4,799.5,100,1884.9
15.44,231.8,0.0,174.0,6.7,1056.4,778.5,3,1834.9
26.77,231.8,0.0,174.0,6.7,1056.4,778.5,14,1834.9
33.73,231.8,0.0,174.0,6.7,1056.4,778.5,28,1834.9
42.7,231.8,0.0,174.0,6.7,1056.4,778.5,56,1834.9
45.84,231.8,0.0,174.0,6.7,1056.4,778.5,100,1834.9
17.22,251.4,0.0,188.5,5.8,1028.4,757.7,3,1786.1000000000001
29.93,251.4,0.0,188.5,5.8,1028.4,757.7,14,1786.1000000000001
29.65,251.4,0.0,188.5,5.8,1028.4,757.7,28,1786.1000000000001
36.97,251.4,0.0,188.5,5.8,1028.4,757.7,56,1786.1000000000001
43.58,251.4,0.0,188.5,5.8,1028.4,757.7,100,1786.1000000000001
13.12,251.4,0.0,188.5,6.4,1028.4,757.7,3,1786.1000000000001
24.43,251.4,0.0,188.5,6.4,1028.4,757.7,14,1786.1000000000001
32.66,251.4,0.0,188.5,6.4,1028.4,757.7,28,1786.1000000000001
36.64,251.4,0.0,188.5,6.4,1028.4,757.7,56,1786.1000000000001
44.21,251.4,0.0,188.5,6.4,1028.4,757.7,100,1786.1000000000001
13.62,181.4,0.0,169.6,7.6,1055.6,777.8,3,1833.3999999999999
21.6,181.4,0.0,169.6,7.6,1055.6,777.8,14,1833.3999999999999
27.77,181.4,0.0,169.6,7.6,1055.6,777.8,28,1833.3999999999999
35.57,181.4,0.0,169.6,7.6,1055.6,777.8,56,1833.3999999999999
45.37,181.4,0.0,169.6,7.6,1055.6,777.8,100,1833.3999999999999
7.32,182.0,45.2,170.2,8.2,1059.4,780.7,3,1840.1000000000001
21.5,182.0,45.2,170.2,8.2,1059.4,780.7,14,1840.1000000000001
31.27,182.0,45.2,170.2,8.2,1059.4,780.7,28,1840.1000000000001
43.5,182.0,45.2,170.2,8.2,1059.4,780.7,56,1840.1000000000001
48.67,182.0,45.2,170.2,8.2,1059.4,780.7,100,1840.1000000000001
7.4,168.9,42.2,158.3,10.8,1080.8,796.2,3,1877.0
23.51,168.9,42.2,158.3,10.8,1080.8,796.2,14,1877.0
31.12,168.9,42.2,158.3,10.8,1080.8,796.2,28,1877.0
39.15,168.9,42.2,158.3,10.8,1080.8,796.2,56,1877.0
48.15,168.9,42.2,158.3,10.8,1080.8,796.2,100,1877.0
22.5,290.4,0.0,168.1,9.4,961.2,865.0,3,1826.2
34.67,290.4,0.0,168.1,9.4,961.2,865.0,14,1826.2
34.74,290.4,0.0,168.1,9.4,961.2,865.0,28,1826.2
45.08,290.4,0.0,168.1,9.4,961.2,865.0,56,1826.2
48.97,290.4,0.0,168.1,9.4,961.2,865.0,100,1826.2
23.14,277.1,0.0,160.6,11.8,973.9,875.6,3,1849.5
41.89,277.1,0.0,160.6,11.8,973.9,875.6,14,1849.5
48.28,277.1,0.0,160.6,11.8,973.9,875.6,28,1849.5
51.04,277.1,0.0,160.6,11.8,973.9,875.6,56,1849.5
55.64,277.1,0.0,160.6,11.8,973.9,875.6,100,1849.5
22.95,295.7,0.0,171.5,8.9,955.1,859.2,3,1814.3000000000002
35.23,295.7,0.0,171.5,8.9,955.1,859.2,14,1814.3000000000002
39.94,295.7,0.0,171.5,8.9,955.1,859.2,28,1814.3000000000002
48.72,295.7,0.0,171.5,8.9,955.1,859.2,56,1814.3000000000002
52.04,295.7,0.0,171.5,8.9,955.1,859.2,100,1814.3000000000002
21.02,251.8,0.0,146.1,12.4,1006.0,899.8,3,1905.8
33.36,251.8,0.0,146.1,12.4,1006.0,899.8,14,1905.8
33.94,251.8,0.0,146.1,12.4,1006.0,899.8,28,1905.8
44.14,251.8,0.0,146.1,12.4,1006.0,899.8,56,1905.8
45.37,251.8,0.0,146.1,12.4,1006.0,899.8,100,1905.8
15.36,249.1,0.0,158.1,12.8,987.8,889.0,3,1876.8
28.68,249.1,0.0,158.1,12.8,987.8,889.0,14,1876.8
30.85,249.1,0.0,158.1,12.8,987.8,889.0,28,1876.8
42.03,249.1,0.0,158.1,12.8,987.8,889.0,56,1876.8
51.06,249.1,0.0,158.1,12.8,987.8,889.0,100,1876.8
21.78,252.3,0.0,146.3,14.2,987.8,889.0,3,1876.8
42.29,252.3,0.0,146.3,14.2,987.8,889.0,14,1876.8
50.6,252.3,0.0,146.3,14.2,987.8,889.0,28,1876.8
55.83,252.3,0.0,146.3,14.2,987.8,889.0,56,1876.8
60.95,252.3,0.0,146.3,14.2,987.8,889.0,100,1876.8
23.52,246.8,0.0,143.3,12.0,1086.8,800.9,3,1887.6999999999998
42.22,246.8,0.0,143.3,12.0,1086.8,800.9,14,1887.6999999999998
52.5,246.8,0.0,143.3,12.0,1086.8,800.9,28,1887.6999999999998
60.32,246.8,0.0,143.3,12.0,1086.8,800.9,56,1887.6999999999998
66.42,246.8,0.0,143.3,12.0,1086.8,800.9,100,1887.6999999999998
23.8,275.1,0.0,159.5,9.9,1053.6,777.5,3,1831.1
38.77,275.1,0.0,159.5,9.9,1053.6,777.5,14,1831.1
51.33,275.1,0.0,159.5,9.9,1053.6,777.5,28,1831.1
56.85,275.1,0.0,159.5,9.9,1053.6,777.5,56,1831.1
58.61,275.1,0.0,159.5,9.9,1053.6,777.5,100,1831.1
21.91,297.2,0.0,174.8,9.5,1022.8,753.5,3,1776.3
36.99,297.2,0.0,174.8,9.5,1022.8,753.5,14,1776.3
47.4,297.2,0.0,174.8,9.5,1022.8,753.5,28,1776.3
51.96,297.2,0.0,174.8,9.5,1022.8,753.5,56,1776.3
56.74,297.2,0.0,174.8,9.5,1022.8,753.5,100,1776.3
17.57,213.7,0.0,154.8,10.2,1053.5,776.4,3,1829.9
33.73,213.7,0.0,154.8,10.2,1053.5,776.4,14,1829.9
40.15,213.7,0.0,154.8,10.2,1053.5,776.4,28,1829.9
46.64,213.7,0.0,154.8,10.2,1053.5,776.4,56,1829.9
50.08,213.7,0.0,154.8,10.2,1053.5,776.4,100,1829.9
17.37,213.5,0.0,154.6,11.7,1052.3,775.5,3,1827.8
33.7,213.5,0.0,154.6,11.7,1052.3,775.5,14,1827.8
45.94,213.5,0.0,154.6,11.7,1052.3,775.5,28,1827.8
51.43,213.5,0.0,154.6,11.7,1052.3,775.5,56,1827.8
59.3,213.5,0.0,154.6,11.7,1052.3,775.5,100,1827.8
30.45,277.2,97.8,160.7,11.2,1061.7,782.5,3,1844.2
47.71,277.2,97.8,160.7,11.2,1061.7,782.5,14,1844.2
63.14,277.2,97.8,160.7,11.2,1061.7,782.5,28,1844.2
66.82,277.2,97.8,160.7,11.2,1061.7,782.5,56,1844.2
66.95,277.2,97.8,160.7,11.2,1061.7,782.5,100,1844.2
27.42,218.2,54.6,140.8,11.9,1075.7,792.7,3,1868.4
35.96,218.2,54.6,140.8,11.9,1075.7,792.7,14,1868.4
55.51,218.2,54.6,140.8,11.9,1075.7,792.7,28,1868.4
61.99,218.2,54.6,140.8,11.9,1075.7,792.7,56,1868.4
63.53,218.2,54.6,140.8,11.9,1075.7,792.7,100,1868.4
18.02,214.9,53.8,155.6,9.6,1014.3,780.6,3,1794.9
38.6,214.9,53.8,155.6,9.6,1014.3,780.6,14,1794.9
52.2,214.9,53.8,155.6,9.6,1014.3,780.6,28,1794.9
53.96,214.9,53.8,155.6,9.6,1014.3,780.6,56,1794.9
56.63,214.9,53.8,155.6,9.6,1014.3,780.6,100,1794.9
15.34,218.9,0.0,158.5,11.3,1078.7,794.9,3,1873.6
26.05,218.9,0.0,158.5,11.3,1078.7,794.9,14,1873.6
30.22,218.9,0.0,158.5,11.3,1078.7,794.9,28,1873.6
37.27,218.9,0.0,158.5,11.3,1078.7,794.9,56,1873.6
46.23,218.9,0.0,158.5,11.3,1078.7,794.9,100,1873.6
16.28,376.0,0.0,214.6,0.0,1003.5,762.4,3,1765.9
25.62,376.0,0.0,214.6,0.0,1003.5,762.4,14,1765.9
31.97,376.0,0.0,214.6,0.0,1003.5,762.4,28,1765.9
36.3,376.0,0.0,214.6,0.0,1003.5,762.4,56,1765.9
43.06,376.0,0.0,214.6,0.0,1003.5,762.4,100,1765.9
67.57,500.0,0.0,140.0,4.0,966.0,853.0,28,1819.0
57.23,475.0,0.0,142.0,1.9,1098.0,641.0,28,1739.0
81.75,315.0,137.0,145.0,5.9,1130.0,745.0,28,1875.0
64.02,505.0,0.0,195.0,0.0,1030.0,630.0,28,1660.0
78.8,451.0,0.0,165.0,11.3,1030.0,745.0,28,1775.0
41.37,516.0,0.0,162.0,8.2,801.0,802.0,28,1603.0
60.28,520.0,0.0,170.0,5.2,855.0,855.0,28,1710.0
56.83,528.0,0.0,185.0,6.9,920.0,720.0,28,1640.0
51.02,520.0,0.0,175.0,5.2,870.0,805.0,28,1675.0
55.55,385.0,0.0,158.0,20.0,903.0,768.0,28,1671.0
44.13,500.1,0.0,200.0,3.0,1124.4,613.2,28,1737.6000000000001
39.38,450.1,50.0,200.0,3.0,1124.4,613.2,28,1737.6000000000001
55.65,397.0,17.2,167.0,20.8,967.0,633.0,28,1600.0
47.28,333.0,17.5,167.0,17.9,996.0,652.0,28,1648.0
44.33,334.0,17.6,189.0,15.3,967.0,633.0,28,1600.0
52.3,405.0,0.0,175.0,0.0,1120.0,695.0,28,1815.0
49.25,200.0,200.0,190.0,0.0,1145.0,660.0,28,1805.0
41.37,516.0,0.0,162.0,8.3,801.0,802.0,28,1603.0
29.16,145.0,116.0,184.0,5.7,833.0,880.0,28,1713.0
39.4,160.0,128.0,182.0,6.4,824.0,879.0,28,1703.0
39.3,234.0,156.0,189.0,5.9,981.0,760.0,28,1741.0
67.87,250.0,180.0,159.0,9.5,860.0,800.0,28,1660.0
58.52,475.0,0.0,162.0,9.5,1044.0,662.0,28,1706.0
53.58,285.0,190.0,163.0,7.6,1031.0,685.0,28,1716.0
59.0,356.0,119.0,160.0,9.0,1061.0,657.0,28,1718.0
76.24,275.0,180.0,162.0,10.4,830.0,765.0,28,1595.0
69.84,500.0,0.0,151.0,9.0,1033.0,655.0,28,1688.0
14.4,165.0,0.0,163.8,0.0,1005.6,900.9,3,1906.5
19.42,165.0,128.5,175.1,8.1,1005.8,746.6,3,1752.4
20.73,178.0,129.8,179.9,3.6,1007.3,746.8,3,1754.1
14.94,167.4,129.9,175.5,7.8,1006.3,746.6,3,1752.9
21.29,172.4,13.6,156.8,4.1,1006.3,856.4,3,1862.6999999999998
23.08,173.5,50.1,164.8,6.5,1006.2,793.5,3,1799.7
15.52,167.0,75.4,164.0,7.9,1007.3,770.1,3,1777.4
15.82,173.8,93.4,172.3,9.7,1007.2,746.6,3,1753.8000000000002
12.55,190.3,0.0,166.6,9.9,1079.0,798.9,3,1877.9
8.49,250.0,0.0,191.8,5.3,948.9,857.2,3,1806.1
15.61,213.5,0.0,159.2,11.7,1043.6,771.9,3,1815.5
12.18,194.7,0.0,170.2,7.5,998.0,901.8,3,1899.8
11.98,251.4,0.0,192.9,5.8,1043.6,754.3,3,1797.8999999999999
16.88,165.0,0.0,163.8,0.0,1005.6,900.9,14,1906.5
33.09,165.0,128.5,175.1,8.1,1005.8,746.6,14,1752.4
34.24,178.0,129.8,179.9,3.6,1007.3,746.8,14,1754.1
31.81,167.4,129.9,175.5,7.8,1006.3,746.6,14,1752.9
29.75,172.4,13.6,156.8,4.1,1006.3,856.4,14,1862.6999999999998
33.01,173.5,50.1,164.8,6.5,1006.2,793.5,14,1799.7
32.9,167.0,75.4,164.0,7.9,1007.3,770.1,14,1777.4
29.55,173.8,93.4,172.3,9.7,1007.2,746.6,14,1753.8000000000002
19.42,190.3,0.0,166.6,9.9,1079.0,798.9,14,1877.9
24.66,250.0,0.0,191.8,5.3,948.9,857.2,14,1806.1
29.59,213.5,0.0,159.2,11.7,1043.6,771.9,14,1815.5
24.28,194.7,0.0,170.2,7.5,998.0,901.8,14,1899.8
20.73,251.4,0.0,192.9,5.8,1043.6,754.3,14,1797.8999999999999
26.2,165.0,0.0,163.8,0.0,1005.6,900.9,28,1906.5
46.39,165.0,128.5,175.1,8.1,1005.8,746.6,28,1752.4
39.16,178.0,129.8,179.9,3.6,1007.3,746.8,28,1754.1
41.2,167.4,129.9,175.5,7.8,1006.3,746.6,28,1752.9
33.69,172.4,13.6,156.8,4.1,1006.3,856.4,28,1862.6999999999998
38.2,173.5,50.1,164.8,6.5,1006.2,793.5,28,1799.7
41.41,167.0,75.4,164.0,7.9,1007.3,770.1,28,1777.4
37.81,173.8,93.4,172.3,9.7,1007.2,746.6,28,1753.8000000000002
24.85,190.3,0.0,166.6,9.9,1079.0,798.9,28,1877.9
27.22,250.0,0.0,191.8,5.3,948.9,857.2,28,1806.1
44.64,213.5,0.0,159.2,11.7,1043.6,771.9,28,1815.5
37.27,194.7,0.0,170.2,7.5,998.0,901.8,28,1899.8
33.27,251.4,0.0,192.9,5.8,1043.6,754.3,28,1797.8999999999999
36.56,165.0,0.0,163.8,0.0,1005.6,900.9,56,1906.5
53.72,165.0,128.5,175.1,8.1,1005.8,746.6,56,1752.4
48.59,178.0,129.8,179.9,3.6,1007.3,746.8,56,1754.1
51.72,167.4,129.9,175.5,7.8,1006.3,746.6,56,1752.9
35.85,172.4,13.6,156.8,4.1,1006.3,856.4,56,1862.6999999999998
53.77,173.5,50.1,164.8,6.5,1006.2,793.5,56,1799.7
53.46,167.0,75.4,164.0,7.9,1007.3,770.1,56,1777.4
48.99,173.8,93.4,172.3,9.7,1007.2,746.6,56,1753.8000000000002
31.72,190.3,0.0,166.6,9.9,1079.0,798.9,56,1877.9
39.64,250.0,0.0,191.8,5.3,948.9,857.2,56,1806.1
51.26,213.5,0.0,159.2,11.7,1043.6,771.9,56,1815.5
43.39,194.7,0.0,170.2,7.5,998.0,901.8,56,1899.8
39.27,251.4,0.0,192.9,5.8,1043.6,754.3,56,1797.8999999999999
37.96,165.0,0.0,163.8,0.0,1005.6,900.9,100,1906.5
55.02,165.0,128.5,175.1,8.1,1005.8,746.6,100,1752.4
49.99,178.0,129.8,179.9,3.6,1007.3,746.8,100,1754.1
53.66,167.4,129.9,175.5,7.8,1006.3,746.6,100,1752.9
37.68,172.4,13.6,156.8,4.1,1006.3,856.4,100,1862.6999999999998
56.06,173.5,50.1,164.8,6.5,1006.2,793.5,100,1799.7
56.81,167.0,75.4,164.0,7.9,1007.3,770.1,100,1777.4
50.94,173.8,93.4,172.3,9.7,1007.2,746.6,100,1753.8000000000002
33.56,190.3,0.0,166.6,9.9,1079.0,798.9,100,1877.9
41.16,250.0,0.0,191.8,5.3,948.9,857.2,100,1806.1
52.96,213.5,0.0,159.2,11.7,1043.6,771.9,100,1815.5
44.28,194.7,0.0,170.2,7.5,998.0,901.8,100,1899.8
40.15,251.4,0.0,192.9,5.8,1043.6,754.3,100,1797.8999999999999
57.03,446.0,24.0,162.0,11.6,967.0,712.0,28,1679.0
44.42,446.0,24.0,162.0,11.6,967.0,712.0,28,1679.0
51.02,446.0,24.0,162.0,11.6,967.0,712.0,28,1679.0
53.39,446.0,24.0,162.0,10.3,967.0,712.0,28,1679.0
35.36,446.0,24.0,162.0,11.6,967.0,712.0,3,1679.0
25.02,446.0,24.0,162.0,11.6,967.0,712.0,3,1679.0
23.35,446.0,24.0,162.0,11.6,967.0,712.0,3,1679.0
52.01,446.0,24.0,162.0,11.6,967.0,712.0,7,1679.0
38.02,446.0,24.0,162.0,11.6,967.0,712.0,7,1679.0
39.3,446.0,24.0,162.0,11.6,967.0,712.0,7,1679.0
61.07,446.0,24.0,162.0,11.6,967.0,712.0,56,1679.0
56.14,446.0,24.0,162.0,11.6,967.0,712.0,56,1679.0
55.25,446.0,24.0,162.0,11.6,967.0,712.0,56,1679.0
54.77,446.0,24.0,162.0,10.3,967.0,712.0,56,1679.0
50.24,387.0,20.0,157.0,14.3,938.0,845.0,28,1783.0
46.68,387.0,20.0,157.0,13.9,938.0,845.0,28,1783.0
46.68,387.0,20.0,157.0,11.6,938.0,845.0,28,1783.0
22.75,387.0,20.0,157.0,14.3,938.0,845.0,3,1783.0
25.51,387.0,20.0,157.0,13.9,938.0,845.0,3,1783.0
34.77,387.0,20.0,157.0,11.6,938.0,845.0,3,1783.0
36.84,387.0,20.0,157.0,14.3,938.0,845.0,7,1783.0
45.9,387.0,20.0,157.0,13.9,938.0,845.0,7,1783.0
41.67,387.0,20.0,157.0,11.6,938.0,845.0,7,1783.0
56.34,387.0,20.0,157.0,14.3,938.0,845.0,56,1783.0
47.97,387.0,20.0,157.0,13.9,938.0,845.0,56,1783.0
61.46,387.0,20.0,157.0,11.6,938.0,845.0,56,1783.0
44.03,355.0,19.0,145.0,13.1,967.0,871.0,28,1838.0
55.45,355.0,19.0,145.0,12.3,967.0,871.0,28,1838.0
55.55,491.0,26.0,210.0,3.9,882.0,699.0,28,1581.0
57.92,491.0,26.0,201.0,3.9,822.0,699.0,28,1521.0
25.61,491.0,26.0,210.0,3.9,882.0,699.0,3,1581.0
33.49,491.0,26.0,210.0,3.9,882.0,699.0,7,1581.0
59.59,491.0,26.0,210.0,3.9,882.0,699.0,56,1581.0
29.55,491.0,26.0,201.0,3.9,822.0,699.0,3,1521.0
37.92,491.0,26.0,201.0,3.9,822.0,699.0,7,1521.0
61.86,491.0,26.0,201.0,3.9,822.0,699.0,56,1521.0
62.05,424.0,22.0,178.0,8.5,822.0,750.0,28,1572.0
32.01,424.0,22.0,178.0,8.5,882.0,750.0,3,1632.0
72.1,424.0,22.0,168.0,8.9,822.0,750.0,28,1572.0
39.0,424.0,22.0,178.0,8.5,822.0,750.0,7,1572.0
65.7,424.0,22.0,178.0,8.5,822.0,750.0,56,1572.0
32.11,424.0,22.0,168.0,8.9,822.0,750.0,3,1572.0
40.29,424.0,22.0,168.0,8.9,822.0,750.0,7,1572.0
74.36,424.0,22.0,168.0,8.9,822.0,750.0,56,1572.0
21.97,202.0,11.0,206.0,1.7,942.0,801.0,28,1743.0
9.85,202.0,11.0,206.0,1.7,942.0,801.0,3,1743.0
15.07,202.0,11.0,206.0,1.7,942.0,801.0,7,1743.0
23.25,202.0,11.0,206.0,1.7,942.0,801.0,56,1743.0
43.73,284.0,15.0,179.0,5.5,842.0,801.0,28,1643.0
13.4,284.0,15.0,179.0,5.5,842.0,801.0,3,1643.0
24.13,284.0,15.0,179.0,5.5,842.0,801.0,7,1643.0
44.52,284.0,15.0,179.0,5.5,842.0,801.0,56,1643.0
62.94,359.0,19.0,154.0,10.9,942.0,801.0,28,1743.0
59.49,359.0,19.0,154.0,10.9,942.0,801.0,28,1743.0
25.12,359.0,19.0,154.0,10.9,942.0,801.0,3,1743.0
23.64,359.0,19.0,154.0,10.9,942.0,801.0,3,1743.0
35.75,359.0,19.0,154.0,10.9,942.0,801.0,7,1743.0
38.61,359.0,19.0,154.0,10.9,942.0,801.0,7,1743.0
68.75,359.0,19.0,154.0,10.9,942.0,801.0,56,1743.0
66.78,359.0,19.0,154.0,10.9,942.0,801.0,56,1743.0
23.85,436.0,0.0,218.0,0.0,838.4,719.7,28,1558.1
32.07,289.0,0.0,192.0,0.0,913.2,895.3,90,1808.5
11.65,289.0,0.0,192.0,0.0,913.2,895.3,3,1808.5
19.2,393.0,0.0,192.0,0.0,940.6,785.6,3,1726.2
48.85,393.0,0.0,192.0,0.0,940.6,785.6,90,1726.2
39.6,393.0,0.0,192.0,0.0,940.6,785.6,28,1726.2
43.94,480.0,0.0,192.0,0.0,936.2,712.2,28,1648.4
34.57,480.0,0.0,192.0,0.0,936.2,712.2,7,1648.4
54.32,480.0,0.0,192.0,0.0,936.2,712.2,90,1648.4
24.4,480.0,0.0,192.0,0.0,936.2,712.2,3,1648.4
15.62,333.0,0.0,192.0,0.0,931.2,842.6,3,1773.8000000000002
21.86,255.0,0.0,192.0,0.0,889.8,945.0,90,1834.8
10.22,255.0,0.0,192.0,0.0,889.8,945.0,7,1834.8
14.6,289.0,0.0,192.0,0.0,913.2,895.3,7,1808.5
18.75,255.0,0.0,192.0,0.0,889.8,945.0,28,1834.8
31.97,333.0,0.0,192.0,0.0,931.2,842.6,28,1773.8000000000002
23.4,333.0,0.0,192.0,0.0,931.2,842.6,7,1773.8000000000002
25.57,289.0,0.0,192.0,0.0,913.2,895.3,28,1808.5
41.68,333.0,0.0,192.0,0.0,931.2,842.6,90,1773.8000000000002
27.74,393.0,0.0,192.0,0.0,940.6,785.6,7,1726.2
8.2,255.0,0.0,192.0,0.0,889.8,945.0,3,1834.8
9.62,158.8,238.2,185.7,0.0,1040.6,734.3,7,1774.8999999999999
25.42,239.6,359.4,185.7,0.0,941.6,664.3,7,1605.9
15.69,238.2,158.8,185.7,0.0,1040.6,734.3,7,1774.8999999999999
27.94,181.9,272.8,185.7,0.0,1012.4,714.3,28,1726.6999999999998
32.63,193.5,290.2,185.7,0.0,998.2,704.3,28,1702.5
17.24,255.5,170.3,185.7,0.0,1026.6,724.3,7,1750.8999999999999
19.77,272.8,181.9,185.7,0.0,1012.4,714.3,7,1726.6999999999998
39.44,239.6,359.4,185.7,0.0,941.6,664.3,28,1605.9
25.75,220.8,147.2,185.7,0.0,1055.0,744.3,28,1799.3
33.08,397.0,0.0,185.7,0.0,1040.6,734.3,28,1774.8999999999999
24.07,382.5,0.0,185.7,0.0,1047.8,739.3,7,1787.1
21.82,210.7,316.1,185.7,0.0,977.0,689.3,7,1666.3
21.07,158.8,238.2,185.7,0.0,1040.6,734.3,28,1774.8999999999999
14.84,295.8,0.0,185.7,0.0,1091.4,769.3,7,1860.7
32.05,255.5,170.3,185.7,0.0,1026.6,724.3,28,1750.8999999999999
11.96,203.5,135.7,185.7,0.0,1076.2,759.3,7,1835.5
25.45,397.0,0.0,185.7,0.0,1040.6,734.3,7,1774.8999999999999
22.49,381.4,0.0,185.7,0.0,1104.6,784.3,28,1888.8999999999999
25.22,295.8,0.0,185.7,0.0,1091.4,769.3,28,1860.7
39.7,228.0,342.1,185.7,0.0,955.8,674.3,28,1630.1
13.09,220.8,147.2,185.7,0.0,1055.0,744.3,7,1799.3
38.7,316.1,210.7,185.7,0.0,977.0,689.3,28,1666.3
7.51,135.7,203.5,185.7,0.0,1076.2,759.3,7,1835.5
17.58,238.1,0.0,185.7,0.0,1118.8,789.3,28,1908.1
21.18,339.2,0.0,185.7,0.0,1069.2,754.3,7,1823.5
18.2,135.7,203.5,185.7,0.0,1076.2,759.3,28,1835.5
17.2,193.5,290.2,185.7,0.0,998.2,704.3,7,1702.5
22.63,203.5,135.7,185.7,0.0,1076.2,759.3,28,1835.5
21.86,290.2,193.5,185.7,0.0,998.2,704.3,7,1702.5
12.37,181.9,272.8,185.7,0.0,1012.4,714.3,7,1726.6999999999998
25.73,170.3,155.5,185.7,0.0,1026.6,724.3,28,1750.8999999999999
37.81,210.7,316.1,185.7,0.0,977.0,689.3,28,1666.3
21.92,228.0,342.1,185.7,0.0,955.8,674.3,7,1630.1
33.04,290.2,193.5,185.7,0.0,998.2,704.3,28,1702.5
14.54,381.4,0.0,185.7,0.0,1104.6,784.3,7,1888.8999999999999
26.91,238.2,158.8,185.7,0.0,1040.6,734.3,28,1774.8999999999999
8.0,186.2,124.1,185.7,0.0,1083.4,764.3,7,1847.7
31.9,339.2,0.0,185.7,0.0,1069.2,754.3,28,1823.5
10.34,238.1,0.0,185.7,0.0,1118.8,789.3,7,1908.1
19.77,252.5,0.0,185.7,0.0,1111.6,784.3,28,1895.8999999999999
37.44,382.5,0.0,185.7,0.0,1047.8,739.3,28,1787.1
11.48,252.5,0.0,185.7,0.0,1111.6,784.3,7,1895.8999999999999
24.44,316.1,210.7,185.7,0.0,977.0,689.3,7,1666.3
17.6,186.2,124.1,185.7,0.0,1083.4,764.3,28,1847.7
10.73,170.3,155.5,185.7,0.0,1026.6,724.3,7,1750.8999999999999
31.38,272.8,181.9,185.7,0.0,1012.4,714.3,28,1726.6999999999998
13.22,339.0,0.0,197.0,0.0,968.0,781.0,3,1749.0
20.97,339.0,0.0,197.0,0.0,968.0,781.0,7,1749.0
27.04,339.0,0.0,197.0,0.0,968.0,781.0,14,1749.0
32.04,339.0,0.0,197.0,0.0,968.0,781.0,28,1749.0
35.17,339.0,0.0,197.0,0.0,968.0,781.0,90,1749.0
36.45,339.0,0.0,197.0,0.0,968.0,781.0,180,1749.0
38.89,339.0,0.0,197.0,0.0,968.0,781.0,365,1749.0
6.47,236.0,0.0,194.0,0.0,968.0,885.0,3,1853.0
12.84,236.0,0.0,194.0,0.0,968.0,885.0,14,1853.0
18.42,236.0,0.0,194.0,0.0,968.0,885.0,28,1853.0
21.95,236.0,0.0,194.0,0.0,968.0,885.0,90,1853.0
24.1,236.0,0.0,193.0,0.0,968.0,885.0,180,1853.0
25.08,236.0,0.0,193.0,0.0,968.0,885.0,365,1853.0
21.26,277.0,0.0,191.0,0.0,968.0,856.0,14,1824.0
25.97,277.0,0.0,191.0,0.0,968.0,856.0,28,1824.0
11.36,277.0,0.0,191.0,0.0,968.0,856.0,3,1824.0
31.25,277.0,0.0,191.0,0.0,968.0,856.0,90,1824.0
32.33,277.0,0.0,191.0,0.0,968.0,856.0,180,1824.0
33.7,277.0,0.0,191.0,0.0,968.0,856.0,360,1824.0
9.31,254.0,0.0,198.0,0.0,968.0,863.0,3,1831.0
26.94,254.0,0.0,198.0,0.0,968.0,863.0,90,1831.0
27.63,254.0,0.0,198.0,0.0,968.0,863.0,180,1831.0
29.79,254.0,0.0,198.0,0.0,968.0,863.0,365,1831.0
34.49,307.0,0.0,193.0,0.0,968.0,812.0,180,1780.0
36.15,307.0,0.0,193.0,0.0,968.0,812.0,365,1780.0
12.54,307.0,0.0,193.0,0.0,968.0,812.0,3,1780.0
27.53,307.0,0.0,193.0,0.0,968.0,812.0,28,1780.0
32.92,307.0,0.0,193.0,0.0,968.0,812.0,90,1780.0
9.99,236.0,0.0,193.0,0.0,968.0,885.0,7,1853.0
7.84,200.0,0.0,180.0,0.0,1125.0,845.0,7,1970.0
12.25,200.0,0.0,180.0,0.0,1125.0,845.0,28,1970.0
11.17,225.0,0.0,181.0,0.0,1113.0,833.0,7,1946.0
17.34,225.0,0.0,181.0,0.0,1113.0,833.0,28,1946.0
17.54,325.0,0.0,184.0,0.0,1063.0,783.0,7,1846.0
30.57,325.0,0.0,184.0,0.0,1063.0,783.0,28,1846.0
14.2,275.0,0.0,183.0,0.0,1088.0,808.0,7,1896.0
24.5,275.0,0.0,183.0,0.0,1088.0,808.0,28,1896.0
15.58,300.0,0.0,184.0,0.0,1075.0,795.0,7,1870.0
26.85,300.0,0.0,184.0,0.0,1075.0,795.0,28,1870.0
26.06,375.0,0.0,186.0,0.0,1038.0,758.0,7,1796.0
38.21,375.0,0.0,186.0,0.0,1038.0,758.0,28,1796.0
43.7,400.0,0.0,187.0,0.0,1025.0,745.0,28,1770.0
30.14,400.0,0.0,187.0,0.0,1025.0,745.0,7,1770.0
12.73,250.0,0.0,182.0,0.0,1100.0,820.0,7,1920.0
20.87,250.0,0.0,182.0,0.0,1100.0,820.0,28,1920.0
20.28,350.0,0.0,186.0,0.0,1050.0,770.0,7,1820.0
34.29,350.0,0.0,186.0,0.0,1050.0,770.0,28,1820.0
19.54,203.5,305.3,203.5,0.0,963.4,630.0,7,1593.4
47.71,250.2,166.8,203.5,0.0,977.6,694.1,90,1671.7
43.38,157.0,236.0,192.0,0.0,935.4,781.2,90,1716.6
29.89,141.3,212.0,203.5,0.0,971.8,748.5,28,1720.3
6.9,166.8,250.2,203.5,0.0,975.6,692.6,3,1668.2
33.19,122.6,183.9,203.5,0.0,958.2,800.1,90,1758.3000000000002
4.9,183.9,122.6,203.5,0.0,959.2,800.0,3,1759.2
4.57,102.0,153.0,192.0,0.0,887.0,942.0,3,1829.0
25.46,102.0,153.0,192.0,0.0,887.0,942.0,90,1829.0
24.29,122.6,183.9,203.5,0.0,958.2,800.1,28,1758.3000000000002
33.95,166.8,250.2,203.5,0.0,975.6,692.6,28,1668.2
11.41,200.0,133.0,192.0,0.0,965.4,806.2,3,1771.6
20.59,108.3,162.4,203.5,0.0,938.2,849.0,28,1787.2
25.89,305.3,203.5,203.5,0.0,965.4,631.0,7,1596.4
29.23,108.3,162.4,203.5,0.0,938.2,849.0,90,1787.2
31.02,116.0,173.0,192.0,0.0,909.8,891.9,90,1801.6999999999998
10.39,141.3,212.0,203.5,0.0,971.8,748.5,7,1720.3
33.66,157.0,236.0,192.0,0.0,935.4,781.2,28,1716.6
27.87,133.0,200.0,192.0,0.0,927.4,839.2,28,1766.6
19.35,250.2,166.8,203.5,0.0,977.6,694.1,7,1671.7
11.39,173.0,116.0,192.0,0.0,946.8,856.8,7,1803.6
12.79,192.0,288.0,192.0,0.0,929.8,716.1,3,1645.9
39.32,192.0,288.0,192.0,0.0,929.8,716.1,28,1645.9
4.78,153.0,102.0,192.0,0.0,888.0,943.1,3,1831.1
16.11,288.0,192.0,192.0,0.0,932.0,717.8,3,1649.8
43.38,305.3,203.5,203.5,0.0,965.4,631.0,28,1596.4
20.42,236.0,157.0,192.0,0.0,972.6,749.1,7,1721.7
6.94,173.0,116.0,192.0,0.0,946.8,856.8,3,1803.6
15.03,212.0,141.3,203.5,0.0,973.4,750.0,7,1723.4
13.57,236.0,157.0,192.0,0.0,972.6,749.1,3,1721.7
32.53,183.9,122.6,203.5,0.0,959.2,800.0,90,1759.2
15.75,166.8,250.2,203.5,0.0,975.6,692.6,7,1668.2
7.68,102.0,153.0,192.0,0.0,887.0,942.0,7,1829.0
38.8,288.0,192.0,192.0,0.0,932.0,717.8,28,1649.8
33.0,212.0,141.3,203.5,0.0,973.4,750.0,28,1723.4
17.28,102.0,153.0,192.0,0.0,887.0,942.0,28,1829.0
24.28,173.0,116.0,192.0,0.0,946.8,856.8,28,1803.6
24.05,183.9,122.6,203.5,0.0,959.2,800.0,28,1759.2
36.59,133.0,200.0,192.0,0.0,927.4,839.2,90,1766.6
50.73,192.0,288.0,192.0,0.0,929.8,716.1,90,1645.9
13.66,133.0,200.0,192.0,0.0,927.4,839.2,7,1766.6
14.14,305.3,203.5,203.5,0.0,965.4,631.0,3,1596.4
47.78,236.0,157.0,192.0,0.0,972.6,749.1,90,1721.7
2.33,108.3,162.4,203.5,0.0,938.2,849.0,3,1787.2
16.89,157.0,236.0,192.0,0.0,935.4,781.2,7,1716.6
23.52,288.0,192.0,192.0,0.0,932.0,717.8,7,1649.8
6.81,212.0,141.3,203.5,0.0,973.4,750.0,3,1723.4
39.7,212.0,141.3,203.5,0.0,973.4,750.0,90,1723.4
17.96,153.0,102.0,192.0,0.0,888.0,943.1,28,1831.1
32.88,236.0,157.0,192.0,0.0,972.6,749.1,28,1721.7
22.35,116.0,173.0,192.0,0.0,909.8,891.9,28,1801.6999999999998
10.79,183.9,122.6,203.5,0.0,959.2,800.0,7,1759.2
7.72,108.3,162.4,203.5,0.0,938.2,849.0,7,1787.2
41.68,203.5,305.3,203.5,0.0,963.4,630.0,28,1593.4
9.56,203.5,305.3,203.5,0.0,963.4,630.0,3,1593.4
6.88,133.0,200.0,192.0,0.0,927.4,839.2,3,1766.6
50.53,288.0,192.0,192.0,0.0,932.0,717.8,90,1649.8
17.17,200.0,133.0,192.0,0.0,965.4,806.2,7,1771.6
30.44,200.0,133.0,192.0,0.0,965.4,806.2,28,1771.6
9.73,250.2,166.8,203.5,0.0,977.6,694.1,3,1671.7
3.32,122.6,183.9,203.5,0.0,958.2,800.1,3,1758.3000000000002
26.32,153.0,102.0,192.0,0.0,888.0,943.1,90,1831.1
43.25,200.0,133.0,192.0,0.0,965.4,806.2,90,1771.6
6.28,116.0,173.0,192.0,0.0,909.8,891.9,3,1801.6999999999998
32.1,173.0,116.0,192.0,0.0,946.8,856.8,90,1803.6
36.96,250.2,166.8,203.5,0.0,977.6,694.1,28,1671.7
54.6,305.3,203.5,203.5,0.0,965.4,631.0,90,1596.4
21.48,192.0,288.0,192.0,0.0,929.8,716.1,7,1645.9
9.69,157.0,236.0,192.0,0.0,935.4,781.2,3,1716.6
8.37,153.0,102.0,192.0,0.0,888.0,943.1,7,1831.1
39.66,141.3,212.0,203.5,0.0,971.8,748.5,90,1720.3
10.09,116.0,173.0,192.0,0.0,909.8,891.9,7,1801.6999999999998
4.83,141.3,212.0,203.5,0.0,971.8,748.5,3,1720.3
10.35,122.6,183.9,203.5,0.0,958.2,800.1,7,1758.3000000000002
43.57,166.8,250.2,203.5,0.0,975.6,692.6,90,1668.2
51.86,203.5,305.3,203.5,0.0,963.4,630.0,90,1593.4
11.85,310.0,0.0,192.0,0.0,1012.0,830.0,3,1842.0
17.24,310.0,0.0,192.0,0.0,1012.0,830.0,7,1842.0
27.83,310.0,0.0,192.0,0.0,1012.0,830.0,28,1842.0
35.76,310.0,0.0,192.0,0.0,1012.0,830.0,90,1842.0
38.7,310.0,0.0,192.0,0.0,1012.0,830.0,120,1842.0
14.31,331.0,0.0,192.0,0.0,1025.0,821.0,3,1846.0
17.44,331.0,0.0,192.0,0.0,1025.0,821.0,7,1846.0
31.74,331.0,0.0,192.0,0.0,1025.0,821.0,28,1846.0
37.91,331.0,0.0,192.0,0.0,1025.0,821.0,90,1846.0
39.38,331.0,0.0,192.0,0.0,1025.0,821.0,120,1846.0
15.87,349.0,0.0,192.0,0.0,1056.0,809.0,3,1865.0
9.01,349.0,0.0,192.0,0.0,1056.0,809.0,7,1865.0
33.61,349.0,0.0,192.0,0.0,1056.0,809.0,28,1865.0
40.66,349.0,0.0,192.0,0.0,1056.0,809.0,90,1865.0
40.86,349.0,0.0,192.0,0.0,1056.0,809.0,120,1865.0
12.05,238.0,0.0,186.0,0.0,1119.0,789.0,7,1908.0
17.54,238.0,0.0,186.0,0.0,1119.0,789.0,28,1908.0
18.91,296.0,0.0,186.0,0.0,1090.0,769.0,7,1859.0
25.18,296.0,0.0,186.0,0.0,1090.0,769.0,28,1859.0
30.96,297.0,0.0,186.0,0.0,1040.0,734.0,7,1774.0
43.89,480.0,0.0,192.0,0.0,936.0,721.0,28,1657.0
54.28,480.0,0.0,192.0,0.0,936.0,721.0,90,1657.0
36.94,397.0,0.0,186.0,0.0,1040.0,734.0,28,1774.0
14.5,281.0,0.0,186.0,0.0,1104.0,774.0,7,1878.0
22.44,281.0,0.0,185.0,0.0,1104.0,774.0,28,1878.0
12.64,500.0,0.0,200.0,0.0,1125.0,613.0,1,1738.0
26.06,500.0,0.0,200.0,0.0,1125.0,613.0,3,1738.0
33.21,500.0,0.0,200.0,0.0,1125.0,613.0,7,1738.0
36.94,500.0,0.0,200.0,0.0,1125.0,613.0,14,1738.0
44.09,500.0,0.0,200.0,0.0,1125.0,613.0,28,1738.0
52.61,540.0,0.0,173.0,0.0,1125.0,613.0,7,1738.0
59.76,540.0,0.0,173.0,0.0,1125.0,613.0,14,1738.0
67.31,540.0,0.0,173.0,0.0,1125.0,613.0,28,1738.0
69.66,540.0,0.0,173.0,0.0,1125.0,613.0,90,1738.0
71.62,540.0,0.0,173.0,0.0,1125.0,613.0,180,1738.0
74.17,540.0,0.0,173.0,0.0,1125.0,613.0,270,1738.0
18.13,350.0,0.0,203.0,0.0,974.0,775.0,7,1749.0
22.53,350.0,0.0,203.0,0.0,974.0,775.0,14,1749.0
27.34,350.0,0.0,203.0,0.0,974.0,775.0,28,1749.0
29.98,350.0,0.0,203.0,0.0,974.0,775.0,56,1749.0
31.35,350.0,0.0,203.0,0.0,974.0,775.0,90,1749.0
32.72,350.0,0.0,203.0,0.0,974.0,775.0,180,1749.0
6.27,385.0,0.0,186.0,0.0,966.0,763.0,1,1729.0
14.7,385.0,0.0,186.0,0.0,966.0,763.0,3,1729.0
23.22,385.0,0.0,186.0,0.0,966.0,763.0,7,1729.0
27.92,385.0,0.0,186.0,0.0,966.0,763.0,14,1729.0
31.35,385.0,0.0,186.0,0.0,966.0,763.0,28,1729.0
39.0,331.0,0.0,192.0,0.0,978.0,825.0,180,1803.0
41.24,331.0,0.0,192.0,0.0,978.0,825.0,360,1803.0
14.99,349.0,0.0,192.0,0.0,1047.0,806.0,3,1853.0
13.52,331.0,0.0,192.0,0.0,978.0,825.0,3,1803.0
24.0,382.0,0.0,186.0,0.0,1047.0,739.0,7,1786.0
37.42,382.0,0.0,186.0,0.0,1047.0,739.0,28,1786.0
11.47,382.0,0.0,186.0,0.0,1111.0,784.0,7,1895.0
22.44,281.0,0.0,186.0,0.0,1104.0,774.0,28,1878.0
21.16,339.0,0.0,185.0,0.0,1069.0,754.0,7,1823.0
31.84,339.0,0.0,185.0,0.0,1069.0,754.0,28,1823.0
14.8,295.0,0.0,185.0,0.0,1069.0,769.0,7,1838.0
25.18,295.0,0.0,185.0,0.0,1069.0,769.0,28,1838.0
17.54,238.0,0.0,185.0,0.0,1118.0,789.0,28,1907.0
14.2,296.0,0.0,192.0,0.0,1085.0,765.0,7,1850.0
21.65,296.0,0.0,192.0,0.0,1085.0,765.0,28,1850.0
29.39,296.0,0.0,192.0,0.0,1085.0,765.0,90,1850.0
13.52,331.0,0.0,192.0,0.0,879.0,825.0,3,1704.0
16.26,331.0,0.0,192.0,0.0,978.0,825.0,7,1803.0
31.45,331.0,0.0,192.0,0.0,978.0,825.0,28,1803.0
37.23,331.0,0.0,192.0,0.0,978.0,825.0,90,1803.0
18.13,349.0,0.0,192.0,0.0,1047.0,806.0,7,1853.0
32.72,349.0,0.0,192.0,0.0,1047.0,806.0,28,1853.0
39.49,349.0,0.0,192.0,0.0,1047.0,806.0,90,1853.0
41.05,349.0,0.0,192.0,0.0,1047.0,806.0,180,1853.0
42.13,349.0,0.0,192.0,0.0,1047.0,806.0,360,1853.0
18.13,302.0,0.0,203.0,0.0,974.0,817.0,14,1791.0
26.74,302.0,0.0,203.0,0.0,974.0,817.0,180,1791.0
61.92,525.0,0.0,189.0,0.0,1125.0,613.0,180,1738.0
47.22,500.0,0.0,200.0,0.0,1125.0,613.0,90,1738.0
51.04,500.0,0.0,200.0,0.0,1125.0,613.0,180,1738.0
55.16,500.0,0.0,200.0,0.0,1125.0,613.0,270,1738.0
41.64,540.0,0.0,173.0,0.0,1125.0,613.0,3,1738.0
13.71,252.0,0.0,185.0,0.0,1111.0,784.0,7,1895.0
19.69,252.0,0.0,185.0,0.0,1111.0,784.0,28,1895.0
31.65,339.0,0.0,185.0,0.0,1060.0,754.0,28,1814.0
19.11,393.0,0.0,192.0,0.0,940.0,758.0,3,1698.0
39.58,393.0,0.0,192.0,0.0,940.0,758.0,28,1698.0
48.79,393.0,0.0,192.0,0.0,940.0,758.0,90,1698.0
24.0,382.0,0.0,185.0,0.0,1047.0,739.0,7,1786.0
37.42,382.0,0.0,185.0,0.0,1047.0,739.0,28,1786.0
11.47,252.0,0.0,186.0,0.0,1111.0,784.0,7,1895.0
19.69,252.0,0.0,185.0,0.0,1111.0,784.0,28,1895.0
14.99,310.0,0.0,192.0,0.0,970.0,850.0,7,1820.0
27.92,310.0,0.0,192.0,0.0,970.0,850.0,28,1820.0
34.68,310.0,0.0,192.0,0.0,970.0,850.0,90,1820.0
37.33,310.0,0.0,192.0,0.0,970.0,850.0,180,1820.0
38.11,310.0,0.0,192.0,0.0,970.0,850.0,360,1820.0
33.8,525.0,0.0,189.0,0.0,1125.0,613.0,3,1738.0
42.42,525.0,0.0,189.0,0.0,1125.0,613.0,7,1738.0
48.4,525.0,0.0,189.0,0.0,1125.0,613.0,14,1738.0
55.94,525.0,0.0,189.0,0.0,1125.0,613.0,28,1738.0
58.78,525.0,0.0,189.0,0.0,1125.0,613.0,90,1738.0
67.11,525.0,0.0,189.0,0.0,1125.0,613.0,270,1738.0
20.77,322.0,0.0,203.0,0.0,974.0,800.0,14,1774.0
25.18,322.0,0.0,203.0,0.0,974.0,800.0,28,1774.0
29.59,322.0,0.0,203.0,0.0,974.0,800.0,180,1774.0
21.75,302.0,0.0,203.0,0.0,974.0,817.0,28,1791.0
39.09,397.0,0.0,185.0,0.0,1040.0,734.0,28,1774.0
24.39,480.0,0.0,192.0,0.0,936.0,721.0,3,1657.0
50.51,522.0,0.0,146.0,0.0,896.0,896.0,7,1792.0
74.99,522.0,0.0,146.0,0.0,896.0,896.0,28,1792.0
37.17,273.0,105.0,210.0,9.0,904.0,680.0,28,1584.0
33.76,162.0,190.0,179.0,19.0,838.0,741.0,28,1579.0
16.5,154.0,144.0,220.0,10.0,923.0,658.0,28,1581.0
19.99,147.0,115.0,202.0,9.0,860.0,829.0,28,1689.0
36.35,152.0,178.0,168.0,18.0,944.0,695.0,28,1639.0
33.69,310.0,143.0,168.0,22.0,914.0,651.0,28,1565.0
15.42,144.0,0.0,158.0,18.0,943.0,844.0,28,1787.0
33.42,304.0,140.0,214.0,6.0,895.0,722.0,28,1617.0
39.05,374.0,0.0,190.0,7.0,1013.0,730.0,28,1743.0
27.68,159.0,149.0,175.0,15.0,953.0,720.0,28,1673.0
26.86,153.0,239.0,200.0,6.0,1002.0,684.0,28,1686.0
45.3,310.0,143.0,168.0,10.0,914.0,804.0,28,1718.0
30.12,305.0,0.0,196.0,10.0,959.0,705.0,28,1664.0
15.57,151.0,0.0,167.0,12.0,991.0,772.0,28,1763.0
44.61,142.0,167.0,174.0,11.0,883.0,785.0,28,1668.0
53.52,298.0,137.0,201.0,6.0,878.0,655.0,28,1533.0
57.21,321.0,164.0,190.0,5.0,870.0,774.0,28,1644.0
65.91,366.0,187.0,191.0,7.0,824.0,757.0,28,1581.0
52.82,280.0,129.0,172.0,9.0,825.0,805.0,28,1630.0
33.4,252.0,97.0,194.0,8.0,835.0,821.0,28,1656.0
18.03,165.0,0.0,182.0,12.0,1023.0,729.0,28,1752.0
37.36,156.0,243.0,180.0,11.0,1022.0,698.0,28,1720.0
32.84,160.0,188.0,203.0,11.0,829.0,710.0,28,1539.0
42.64,298.0,0.0,186.0,6.0,879.0,815.0,28,1694.0
40.06,318.0,0.0,210.0,6.0,861.0,737.0,28,1598.0
41.94,287.0,121.0,188.0,9.0,904.0,696.0,28,1600.0
61.23,326.0,166.0,174.0,9.0,882.0,790.0,28,1672.0
40.87,356.0,0.0,193.0,11.0,801.0,778.0,28,1579.0
33.3,132.0,207.0,179.0,5.0,867.0,736.0,28,1603.0
52.42,322.0,149.0,186.0,8.0,951.0,709.0,28,1660.0
15.09,164.0,0.0,181.0,13.0,849.0,846.0,28,1695.0
38.46,314.0,0.0,170.0,10.0,925.0,783.0,28,1708.0
37.26,321.0,0.0,182.0,11.0,870.0,780.0,28,1650.0
35.23,140.0,164.0,237.0,6.0,869.0,656.0,28,1525.0
42.13,288.0,121.0,177.0,7.0,908.0,829.0,28,1737.0
31.87,298.0,0.0,210.0,11.0,880.0,744.0,28,1624.0
41.54,265.0,111.0,195.0,6.0,833.0,790.0,28,1623.0
39.45,160.0,250.0,168.0,12.0,1049.0,688.0,28,1737.0
37.91,166.0,260.0,183.0,13.0,859.0,827.0,28,1686.0
44.28,276.0,116.0,180.0,9.0,870.0,768.0,28,1638.0
31.18,322.0,0.0,196.0,10.0,818.0,813.0,28,1631.0
23.69,149.0,139.0,193.0,6.0,892.0,780.0,28,1672.0
32.76,159.0,187.0,176.0,11.0,990.0,789.0,28,1779.0
32.4,261.0,100.0,201.0,9.0,864.0,761.0,28,1625.0
28.63,237.0,92.0,247.0,6.0,853.0,695.0,28,1548.0
36.8,313.0,0.0,178.0,8.0,1002.0,689.0,28,1691.0
18.28,155.0,183.0,193.0,9.0,1047.0,697.0,28,1744.0
33.06,146.0,230.0,202.0,3.0,827.0,872.0,28,1699.0
31.42,296.0,0.0,221.0,11.0,819.0,778.0,28,1597.0
31.03,133.0,210.0,196.0,3.0,949.0,795.0,28,1744.0
44.39,313.0,145.0,178.0,8.0,867.0,824.0,28,1691.0
12.18,152.0,0.0,184.0,8.0,992.0,816.0,28,1808.0
25.56,153.0,145.0,178.0,8.0,1002.0,689.0,28,1691.0
36.44,140.0,133.0,200.0,7.0,916.0,753.0,28,1669.0
32.96,149.0,236.0,176.0,13.0,847.0,893.0,28,1740.0
23.84,300.0,0.0,212.0,10.0,878.0,728.0,28,1606.0
26.23,153.0,145.0,178.0,8.0,867.0,824.0,28,1691.0
17.95,148.0,0.0,158.0,16.0,1002.0,830.0,28,1832.0
40.68,326.0,0.0,199.0,11.0,801.0,792.0,28,1593.0
19.01,153.0,145.0,178.0,8.0,1000.0,822.0,28,1822.0
33.72,262.0,111.0,195.0,5.0,895.0,733.0,28,1628.0
8.54,158.0,0.0,220.0,11.0,898.0,713.0,28,1611.0
13.46,151.0,0.0,167.0,16.0,1074.0,678.0,28,1752.0
32.24,273.0,0.0,199.0,11.0,931.0,762.0,28,1693.0
23.52,149.0,118.0,183.0,7.0,953.0,780.0,28,1733.0
29.72,143.0,169.0,191.0,8.0,967.0,643.0,28,1610.0
49.77,260.0,101.0,171.0,10.0,936.0,763.0,28,1699.0
52.44,313.0,161.0,178.0,10.0,917.0,759.0,28,1676.0
40.93,284.0,120.0,168.0,7.0,970.0,794.0,28,1764.0
44.86,336.0,0.0,182.0,3.0,986.0,817.0,28,1803.0
13.2,145.0,0.0,181.0,11.0,979.0,812.0,28,1791.0
37.43,150.0,237.0,174.0,12.0,1069.0,675.0,28,1744.0
29.87,144.0,170.0,192.0,8.0,814.0,805.0,28,1619.0
56.61,331.0,170.0,195.0,8.0,811.0,802.0,28,1613.0
12.46,155.0,0.0,193.0,9.0,1047.0,697.0,28,1744.0
23.79,155.0,183.0,193.0,9.0,877.0,868.0,28,1745.0
13.29,135.0,0.0,180.0,10.0,961.0,805.0,28,1766.0
39.42,266.0,112.0,178.0,10.0,910.0,745.0,28,1655.0
46.23,314.0,145.0,179.0,8.0,869.0,690.0,28,1559.0
44.52,313.0,145.0,127.0,8.0,1000.0,822.0,28,1822.0
23.74,146.0,173.0,182.0,3.0,986.0,817.0,28,1803.0
26.14,144.0,136.0,178.0,7.0,941.0,774.0,28,1715.0
15.52,148.0,0.0,181.0,15.0,839.0,884.0,28,1723.0
43.57,277.0,117.0,191.0,7.0,946.0,666.0,28,1612.0
35.86,298.0,0.0,164.0,13.0,953.0,784.0,28,1737.0
41.05,313.0,145.0,178.0,8.0,1002.0,689.0,28,1691.0
28.99,155.0,184.0,194.0,9.0,880.0,699.0,28,1579.0
46.24,289.0,134.0,195.0,6.0,924.0,760.0,28,1684.0
26.92,148.0,175.0,171.0,2.0,1000.0,828.0,28,1828.0
10.54,145.0,0.0,202.0,8.0,824.0,869.0,28,1693.0
25.1,313.0,0.0,178.0,8.0,1000.0,822.0,28,1822.0
29.07,136.0,162.0,172.0,10.0,923.0,764.0,28,1687.0
9.74,155.0,0.0,193.0,9.0,877.0,868.0,28,1745.0
33.8,255.0,99.0,189.0,6.0,919.0,749.0,28,1668.0
39.84,162.0,207.0,216.0,10.0,822.0,638.0,28,1460.0
26.97,136.0,196.0,199.0,6.0,847.0,783.0,28,1630.0
27.23,164.0,163.0,197.0,8.0,961.0,641.0,28,1602.0
30.65,162.0,214.0,202.0,10.0,820.0,680.0,28,1500.0
33.05,157.0,214.0,200.0,9.0,819.0,704.0,28,1523.0
24.58,149.0,153.0,192.0,8.0,935.0,623.0,28,1558.0
21.91,135.0,105.0,196.0,6.0,965.0,643.0,28,1608.0
30.88,159.0,209.0,201.0,7.0,848.0,669.0,28,1517.0
15.34,144.0,15.0,176.0,6.0,1021.0,709.0,28,1730.0
24.34,154.0,174.0,228.0,7.0,845.0,612.0,28,1457.0
23.89,167.0,187.0,185.0,7.0,898.0,636.0,28,1534.0
22.93,184.0,86.0,213.0,6.0,923.0,623.0,28,1546.0
29.41,156.0,178.0,221.0,7.0,854.0,614.0,28,1468.0
28.63,236.9,91.7,246.9,6.0,852.9,695.4,28,1548.3
36.8,313.3,0.0,178.5,8.0,1001.9,688.7,28,1690.6
18.29,154.8,183.4,193.3,9.1,1047.4,696.7,28,1744.1000000000001
32.72,145.9,230.5,202.5,3.4,827.0,871.8,28,1698.8
31.42,296.0,0.0,221.4,10.5,819.2,778.4,28,1597.6
28.94,133.1,210.2,195.7,3.1,949.4,795.3,28,1744.6999999999998
40.93,313.3,145.0,178.5,8.0,867.2,824.0,28,1691.2
12.18,151.6,0.0,184.4,7.9,992.0,815.9,28,1807.9
25.56,153.1,145.0,178.5,8.0,1001.9,688.7,28,1690.6
36.44,139.9,132.6,200.3,7.4,916.0,753.4,28,1669.4
32.96,149.5,236.0,175.8,12.6,846.8,892.7,28,1739.5
23.84,299.8,0.0,211.5,9.9,878.2,727.6,28,1605.8000000000002
26.23,153.1,145.0,178.5,8.0,867.2,824.0,28,1691.2
17.96,148.1,0.0,158.1,16.1,1001.8,830.1,28,1831.9
38.63,326.5,0.0,199.0,10.8,801.1,792.5,28,1593.6
19.01,152.7,144.7,178.1,8.0,999.7,822.2,28,1821.9
33.72,261.9,110.5,195.4,5.0,895.2,732.6,28,1627.8000000000002
8.54,158.4,0.0,219.7,11.0,897.7,712.9,28,1610.6
13.46,150.7,0.0,166.7,15.6,1074.5,678.0,28,1752.5
32.25,272.6,0.0,198.7,10.6,931.3,762.2,28,1693.5
23.52,149.0,117.6,182.9,7.1,953.4,780.3,28,1733.6999999999998
29.73,143.0,169.4,190.7,8.4,967.4,643.5,28,1610.9
49.77,259.9,100.6,170.6,10.4,935.7,762.9,28,1698.6
52.45,312.9,160.5,177.6,9.6,916.6,759.5,28,1676.1
40.93,284.0,119.7,168.3,7.2,970.4,794.2,28,1764.6
44.87,336.5,0.0,181.9,3.4,985.8,816.8,28,1802.6
13.2,144.8,0.0,180.8,11.1,979.5,811.5,28,1791.0
37.43,150.0,236.8,173.8,11.9,1069.3,674.8,28,1744.1
29.87,143.7,170.2,191.6,8.5,814.1,805.3,28,1619.4
56.62,330.5,169.6,194.9,8.1,811.0,802.3,28,1613.3
12.46,154.8,0.0,193.3,9.1,1047.4,696.7,28,1744.1000000000001
23.79,154.8,183.4,193.3,9.1,877.2,867.7,28,1744.9
13.29,134.7,0.0,180.2,10.0,961.0,804.9,28,1765.9
39.42,266.2,112.3,177.9,10.4,909.7,744.5,28,1654.2
46.23,314.0,145.3,178.9,8.0,869.1,690.2,28,1559.3000000000002
44.52,312.7,144.7,127.3,8.0,999.7,822.2,28,1821.9
23.74,145.7,172.6,181.9,3.4,985.8,816.8,28,1802.6
26.15,143.8,136.3,178.1,7.5,941.5,774.3,28,1715.8
15.53,148.1,0.0,181.4,15.0,838.9,884.3,28,1723.1999999999998
43.58,277.0,116.8,190.6,7.0,946.5,665.6,28,1612.1
35.87,298.1,0.0,163.6,12.8,953.2,784.0,28,1737.2
41.05,313.3,145.0,178.5,8.0,1001.9,688.7,28,1690.6
28.99,155.2,183.9,193.8,9.2,879.6,698.5,28,1578.1
46.25,289.0,133.7,194.9,5.5,924.1,760.1,28,1684.2
26.92,147.8,175.1,171.2,2.2,1000.0,828.5,28,1828.5
10.54,145.4,0.0,201.7,7.8,824.0,868.7,28,1692.7
25.1,312.7,0.0,178.1,8.0,999.7,822.2,28,1821.9
29.07,136.4,161.6,171.6,10.4,922.6,764.4,28,1687.0
9.74,154.8,0.0,193.3,9.1,877.2,867.7,28,1744.9
33.8,255.3,98.8,188.6,6.5,919.0,749.3,28,1668.3
37.17,272.8,105.1,209.7,9.0,904.0,679.7,28,1583.7
33.76,162.0,190.1,178.8,18.8,838.1,741.4,28,1579.5
16.5,153.6,144.2,220.1,10.1,923.2,657.9,28,1581.1
19.99,146.5,114.6,201.9,8.8,860.0,829.5,28,1689.5
36.35,151.8,178.1,167.5,18.3,944.0,694.6,28,1638.6
38.22,309.9,142.8,167.8,22.1,913.9,651.2,28,1565.1
15.42,143.6,0.0,158.4,17.9,942.7,844.5,28,1787.2
33.42,303.6,139.9,213.5,6.2,895.5,722.5,28,1618.0
39.06,374.3,0.0,190.2,6.7,1013.2,730.4,28,1743.6
27.68,158.6,148.9,175.1,15.0,953.3,719.7,28,1673.0
26.86,152.6,238.7,200.0,6.3,1001.8,683.9,28,1685.6999999999998
45.3,310.0,142.8,167.9,10.0,914.3,804.0,28,1718.3
30.12,304.8,0.0,196.0,9.8,959.4,705.2,28,1664.6
15.57,150.9,0.0,166.6,11.6,991.2,772.2,28,1763.4
44.61,141.9,166.6,173.5,10.9,882.6,785.3,28,1667.9
53.52,297.8,137.2,201.3,6.0,878.4,655.3,28,1533.6999999999998
57.22,321.3,164.2,190.5,4.6,870.0,774.0,28,1644.0
65.91,366.0,187.0,191.3,6.6,824.3,756.9,28,1581.1999999999998
52.83,279.8,128.9,172.4,9.5,825.1,804.9,28,1630.0
33.4,252.1,97.1,193.8,8.3,835.5,821.4,28,1656.9
18.03,164.6,0.0,181.6,11.7,1023.3,728.9,28,1752.1999999999998
37.36,155.6,243.5,180.3,10.7,1022.0,697.7,28,1719.7
35.31,160.2,188.0,203.2,11.3,828.7,709.7,28,1538.4
42.64,298.1,0.0,186.4,6.1,879.0,815.2,28,1694.2
40.06,317.9,0.0,209.7,5.7,860.5,736.6,28,1597.1
43.8,287.3,120.5,187.6,9.2,904.4,695.9,28,1600.3
61.24,325.6,166.4,174.0,8.9,881.6,790.0,28,1671.6
40.87,355.9,0.0,193.3,11.0,801.4,778.4,28,1579.8
33.31,132.0,206.5,178.9,5.5,866.9,735.6,28,1602.5
52.43,322.5,148.6,185.8,8.5,951.0,709.5,28,1660.5
15.09,164.2,0.0,181.2,12.6,849.3,846.0,28,1695.3
38.46,313.8,0.0,169.9,10.1,925.3,782.9,28,1708.1999999999998
37.27,321.4,0.0,182.5,11.5,870.1,779.7,28,1649.8000000000002
35.23,139.7,163.9,236.7,5.8,868.6,655.6,28,1524.2
42.14,288.4,121.0,177.4,7.0,907.9,829.5,28,1737.4
31.88,298.2,0.0,209.7,11.1,879.6,744.2,28,1623.8000000000002
41.54,264.5,111.0,195.5,5.9,832.6,790.4,28,1623.0
39.46,159.8,250.0,168.4,12.2,1049.3,688.2,28,1737.5
37.92,166.0,259.7,183.2,12.7,858.8,826.8,28,1685.6
44.28,276.4,116.0,179.6,8.9,870.1,768.3,28,1638.4
31.18,322.2,0.0,196.0,10.4,817.9,813.4,28,1631.3
23.7,148.5,139.4,192.7,6.1,892.4,780.0,28,1672.4
32.77,159.1,186.7,175.6,11.3,989.6,788.9,28,1778.5
32.4,260.9,100.5,200.6,8.6,864.5,761.5,28,1626.0
